1907b3f8839f44f159df4c0857f1a9afd1037a67	Source/Alpha Actor/Alpha Task Msg/Do.vi
26f98c6bd8c72a2a9d8be4dc952b7ff5c4394057	Source/Alpha Actor/Alpha Task Msg/Send Alpha Task.vi
df1ea1caba7034dc2d320cac70b527ee2b3ad4c3	Source/Alpha Actor/Alpha Task Msg/Write Data.vi
582b93883ebede857e151094664230b991eb8510	Source/Alpha Actor/Alpha/Actor Core.vi
188e38537d2649e73fed85a9875c9970018de9bf	Source/Alpha Actor/Alpha/Localization.vi
b3b56bc8fa28065e30bcdeb31489bc5d998e3d48	Source/Alpha Actor/Alpha/Stop Core.vi
a40e7a353ecdd3dd574b9f6dd56567276d0c0268	Source/Alpha Actor/Alpha/Task.vi
3067019fc9b4895cea707e5a8e49392ab4cba301	Source/Beta Actor/Beta Task Msg/Do.vi
137d33d0d9cf1264394fbb66fb6c028b79dd88ca	Source/Beta Actor/Beta Task Msg/Send Beta Task.vi
bab2a991fd615bcc3c153919a910621995ee9376	Source/Beta Actor/Beta/Actor Core.vi
75d31640f2c3f1098f152feb40a753a1293f08dd	Source/Beta Actor/Beta/Localization.vi
232dff82914edc034d8db22225044770be54accb	Source/Beta Actor/Beta/Stop Core.vi
8e3f864aecd557d119086657750be2816c27a2b4	Source/Beta Actor/Beta/Task.vi
3323ddf41d894df3ebd64874e85a25cba9a63062	Source/CI Tests Launcher/Localization.vi
afc3024a41eab80d71a12ba66179807381ea4bdc	Source/CI Tests Launcher/Splash Screen.vi
bc52e4b50e3c59ac999c6a9bb2d56f7146ceb563	Source/CI Tests/CI Tests/Actor Core.vi
66c5762cb028434901f51bd48505354dc7421c6c	Source/CI Tests/CI Tests/Load App.vi
9d7e64481d5949a07b349a0b4ede3daccd37f1f9	Source/CI Tests/CI Tests/Localization.vi
57ac77288ae7bc8607f9ef0eeb40d077aeadd9b4	Source/CI Tests/CI Tests/Log Event.vi
b3d418757684ccd3beb0a7aec0dd280b3dfb9154	Source/CI Tests/CI Tests/Read Config File.vi
4a8ba3160ca0167dc044fdface4561938b0fdcea	Source/CI Tests/Log Event Msg/Do.vi
1f075a6ef0115c4cdd8b195b586dd74748273b04	Source/CI Tests/Log Event Msg/Send Log Event.vi
